Serial,Variable,SHAP_abs_0,Corr_0,Sign_0,SHAP_abs_1,Corr_1,Sign_1,SHAP_abs_total
126,cms_dual_eligible_ind,0.01251236306,-0.9614402653,blue,0.01251236306,0.9614402653,red,0.02502472612
125,cms_disabled_ind,0.01236284114,-0.9241813288,blue,0.01236284114,0.9241813288,red,0.02472568228
123,ccsp_239_ind,0.01221624487,-0.964003572,blue,0.01221624487,0.964003572,red,0.02443248974
94,age_bins,0.01116376413,0.7242228669,red,0.01116376413,-0.7242228669,blue,0.02232752827
284,betos_o1a_ind,0.009136588323,-0.9517761368,blue,0.009136588323,0.9517761368,red,0.01827317665
857,cms_tot_partd_payment_amt,0.007417886344,-0.7900144507,blue,0.007417886344,0.7900144507,red,0.01483577269
12,cons_n65p_y_1.0,0.007397299619,0.9469214202,red,0.007397299619,-0.9469214202,blue,0.01479459924
128,cms_low_income_ind,0.007320461138,-0.92593854,blue,0.007320461138,0.92593854,red,0.01464092228
855,cms_ma_risk_score_nbr,0.007110475402,-0.5305525869,blue,0.007110475402,0.5305525869,red,0.0142209508
853,cms_rx_risk_score_nbr,0.006336739882,-0.5354017913,blue,0.006336739882,0.5354017913,red,0.01267347976
72,cms_ra_factor_type_cd_CN,0.00617066789,0.8932583891,red,0.00617066789,-0.8932583891,blue,0.01234133578
852,pdc_dep,0.005808681747,0.5676467425,red,0.005808681747,-0.5676467425,blue,0.01161736349
665,rx_overall_pmpm_ct,0.005729952481,-0.7099723794,blue,0.005729952481,0.7099723794,red,0.01145990496
206,rx_bh_ind,0.005712709452,-0.8511475064,blue,0.005712709452,0.8511475064,red,0.0114254189
483,credit_hh_1stmtgcredit_new,0.005503050833,0.6025901834,red,0.005503050833,-0.6025901834,blue,0.01100610167
840,cons_n2pmv,0.005498596395,0.4026094014,red,0.005498596395,-0.4026094014,blue,0.01099719279
133,cmsd2_men_men_substance_ind,0.005464441983,-0.8908550756,blue,0.005464441983,0.8908550756,red,0.01092888397
856,cms_risk_adjustment_factor_a_amt,0.005338006603,-0.5035098935,blue,0.005338006603,0.5035098935,red,0.01067601321
830,total_er_visit_ct_pmpm,0.005148690429,-0.7347757022,blue,0.005148690429,0.7347757022,red,0.01029738086
397,submcc_men_depr_ind,0.005142769708,-0.8792770344,blue,0.005142769708,0.8792770344,red,0.01028553942
103,bh_dema_ind,0.005136962229,-0.8374281701,blue,0.005136962229,0.8374281701,red,0.01027392446
25,cons_homstat_Y,0.004645043546,0.8625919358,red,0.004645043546,-0.8625919358,blue,0.009290087093
545,betos_o1a_pmpm_ct,0.004419597685,-0.4189881602,blue,0.004419597685,0.4189881602,red,0.008839195371
543,betos_m5c_pmpm_ct,0.004386427197,0.5713346238,red,0.004386427197,-0.5713346238,blue,0.008772854394
146,phy_em_pe_ind,0.00397760893,-0.8179183543,blue,0.00397760893,0.8179183543,red,0.007955217859
858,cms_risk_adj_payment_rate_a_amt,0.003950277166,-0.5254529303,blue,0.003950277166,0.5254529303,red,0.007900554331
766,submcc_ner_othr_pmpm_ct,0.003563592164,-0.6295677023,blue,0.003563592164,0.6295677023,red,0.007127184328
484,credit_hh_agencyfirstmtg,0.003421710408,0.5268525544,red,0.003421710408,-0.5268525544,blue,0.006843420816
153,prov_spec_ambulance_ind,0.003412449867,-0.9062936502,blue,0.003412449867,0.9062936502,red,0.006824899734
499,credit_hh_totalallcredit_collections,0.00335426606,-0.7022488237,blue,0.00335426606,0.7022488237,red,0.00670853212
636,rx_gpi2_72_pmpm_ct,0.003280772133,-0.6476155936,blue,0.003280772133,0.6476155936,red,0.006561544266
78,cms_ra_factor_type_cd_X,0.003193729142,-0.8932090422,blue,0.003193729142,0.8932090422,red,0.006387458284
0,hlth_pgm_slvrsnkr_par_status,0.003049061063,0.7998095795,red,0.003049061063,-0.7998095795,blue,0.006098122126
193,submcc_res_copd_ind,0.002813344762,-0.7618204959,blue,0.002813344762,0.7618204959,red,0.005626689523
277,submcc_men_othr_ind,0.002622492969,-0.6466022096,blue,0.002622492969,0.6466022096,red,0.005244985938
549,betos_t1a_pmpm_ct,0.002541970481,0.3682325688,red,0.002541970481,-0.3682325688,blue,0.005083940961
749,submcc_men_depr_pmpm_ct,0.002515351206,-0.548120485,blue,0.002515351206,0.548120485,red,0.005030702412
854,cms_partd_ra_factor_amt,0.002494868135,-0.50226262,blue,0.002494868135,0.50226262,red,0.004989736271
327,rx_gpi2_75_ind,0.002460430703,-0.8161060385,blue,0.002460430703,0.8161060385,red,0.004920861407
32,cons_hhcomp_B,0.002193999039,0.8785833111,red,0.002193999039,-0.8785833111,blue,0.004387998078
829,total_ambulance_visit_ct_pmpm,0.002166057356,-0.3890421268,blue,0.002166057356,0.3890421268,red,0.004332114713
336,rx_gpi2_58_ind,0.001980616513,-0.8240502381,blue,0.001980616513,0.8240502381,red,0.003961233026
132,cmsd2_men_mad_ind,0.001886770452,-0.7383850046,blue,0.001886770452,0.7383850046,red,0.003773540903
555,med_ambulance_visit_ct_pmpm,0.001873910079,-0.3437444948,blue,0.001873910079,0.3437444948,red,0.003747820158
624,rx_gpi2_58_pmpm_ct,0.001840037452,-0.644061306,blue,0.001840037452,0.644061306,red,0.003680074905
544,betos_m5d_pmpm_ct,0.0018055758,0.3155824093,red,0.0018055758,-0.3155824093,blue,0.003611151601
93,mabh_seg_UNK,0.001705900049,-0.7817869869,blue,0.001705900049,0.7817869869,red,0.003411800098
9,cons_n2029_y_0.0,0.001697792872,0.6738632937,red,0.001697792872,-0.6738632937,blue,0.003395585745
319,rx_gpi2_59_ind,0.00159251353,-0.8364102205,blue,0.00159251353,0.8364102205,red,0.003185027059
2,fci_score,0.001498007406,-0.6630010752,blue,0.001498007406,0.6630010752,red,0.002996014811
86,mabh_seg_H2,0.001497133538,0.7588424494,red,0.001497133538,-0.7588424494,blue,0.002994267076
750,submcc_men_othr_pmpm_ct,0.00139402141,-0.5157592011,blue,0.00139402141,0.5157592011,red,0.002788042821
566,rx_bh_pmpm_ct,0.001371037223,-0.6375941922,blue,0.001371037223,0.6375941922,red,0.002742074446
164,rev_cms_er_ind,0.001310943633,-0.6710838907,blue,0.001310943633,0.6710838907,red,0.002621887266
487,credit_hh_autobank_new,0.001245959679,0.6413170101,red,0.001245959679,-0.6413170101,blue,0.002491919358
497,credit_hh_studentloan_60dpd,0.001237631772,-0.5431219853,blue,0.001237631772,0.5431219853,red,0.002475263543
500,credit_hh_totalallcredit_severederog,0.00117299456,-0.4606148452,blue,0.00117299456,0.4606148452,red,0.00234598912
480,credit_bal_totalallcredit_new,0.001152822986,0.5192055963,red,0.001152822986,-0.5192055963,blue,0.002305645972
44,cons_hhcomp_X,0.001127291324,-0.7456692129,blue,0.001127291324,0.7456692129,red,0.002254582648
73,cms_ra_factor_type_cd_CP,0.001123284894,-0.7432093047,blue,0.001123284894,0.7432093047,red,0.002246569788
11,cons_n65p_y_0.0,0.001111109701,-0.6253562326,blue,0.001111109701,0.6253562326,red,0.002222219403
137,cmsd2_sns_general_ind,0.001099446054,-0.6347537979,blue,0.001099446054,0.6347537979,red,0.002198892107
511,credit_num_1stmtgcredit,0.001062861254,0.4209618419,red,0.001062861254,-0.4209618419,blue,0.002125722507
568,rx_generic_pmpm_ct,0.001049005101,-0.4344188569,blue,0.001049005101,0.4344188569,red,0.002098010202
18,cons_retail_buyer_1.0,0.001045356182,0.7928347639,red,0.001045356182,-0.7928347639,blue,0.002090712363
71,cms_ra_factor_type_cd_CF,0.001026502578,-0.7673531248,blue,0.001026502578,0.7673531248,red,0.002053005157
475,credit_bal_nonmtgcredit_60dpd,0.001011366977,-0.4222704197,blue,0.001011366977,0.4222704197,red,0.002022733953
458,credit_bal_autofinance,0.0009930919081,-0.4635811321,blue,0.0009930919081,0.4635811321,red,0.001986183816
842,cons_n2pbl,0.000984403608,-0.2294914589,blue,0.000984403608,0.2294914589,red,0.001968807216
5,cons_hcaccprf_h_0.0,0.0009820107324,0.6924207738,red,0.0009820107324,-0.6924207738,blue,0.001964021465
812,submcc_sns_othr_pmpm_ct,0.0009466247452,-0.2040335523,blue,0.0009466247452,0.2040335523,red,0.00189324949
837,cci_score,0.0009103348518,0.3913678264,red,0.0009103348518,-0.3913678264,blue,0.001820669704
610,rx_gpi2_44_pmpm_ct,0.0008907300776,-0.5390049321,blue,0.0008907300776,0.5390049321,red,0.001781460155
663,rx_mail_pmpm_ct,0.000844575634,-0.2766587371,blue,0.000844575634,0.2766587371,red,0.001689151268
536,credit_prcnt_mtgcredit,0.0007395738921,0.542346136,red,0.0007395738921,-0.542346136,blue,0.001479147784
828,submcc_vco_vac_pmpm_ct,0.0007325567323,0.5439412848,red,0.0007325567323,-0.5439412848,blue,0.001465113465
186,rx_gpi2_17_ind,0.0007207983647,0.5693123345,red,0.0007207983647,-0.5693123345,blue,0.001441596729
754,submcc_mus_back_pmpm_ct,0.0007145715877,-0.5504270694,blue,0.0007145715877,0.5504270694,red,0.001429143175
490,credit_hh_bankcard_severederog,0.0006750769141,-0.4632621771,blue,0.0006750769141,0.4632621771,red,0.001350153828
567,rx_branded_pmpm_ct,0.0006494843946,-0.3117395075,blue,0.0006494843946,0.3117395075,red,0.001298968789
102,bh_cdto_ind,0.000645116852,-0.6713236857,blue,0.000645116852,0.6713236857,red,0.001290233704
234,betos_m5b_ind,0.0006390804573,-0.6260127128,blue,0.0006390804573,0.6260127128,red,0.001278160915
21,cons_homstat_R,0.0006285158377,-0.6564326674,blue,0.0006285158377,0.6564326674,red,0.001257031675
145,lab_hemoglobin_abn_result_ind,0.0006123684024,-0.7268067182,blue,0.0006123684024,0.7268067182,red,0.001224736805
841,cons_n2mob,0.0005800578352,-0.061354208,blue,0.0005800578352,0.061354208,red,0.00116011567
534,credit_prcnt_agencyfirstmtg,0.0005771659951,-0.4585279582,blue,0.0005771659951,0.4585279582,red,0.00115433199
460,credit_bal_bankcard_severederog,0.0005736852705,-0.3704444076,blue,0.0005736852705,0.3704444076,red,0.001147370541
477,credit_bal_totalallcredit_60dpd,0.0005604509629,-0.327224292,blue,0.0005604509629,0.327224292,red,0.001120901926
495,credit_hh_nonmtgcredit_60dpd,0.0005578443959,-0.4599836142,blue,0.0005578443959,0.4599836142,red,0.001115688792
461,credit_bal_consumerfinance,0.0005498623229,0.2956368869,red,0.0005498623229,-0.2956368869,blue,0.001099724646
46,lang_spoken_cd_SPA,0.0005277496889,-0.7886961598,blue,0.0005277496889,0.7886961598,red,0.001055499378
529,credit_num_nonagn1stmorg_collectio,0.0004974250171,-0.08864806993,blue,0.0004974250171,0.08864806993,red,0.0009948500342
471,credit_bal_nonagn1stmorg_90to119dp,0.0004925593594,-0.2447421047,blue,0.0004925593594,0.2447421047,red,0.0009851187187
552,betos_t1h_pmpm_ct,0.0004787757293,0.2173906613,red,0.0004787757293,-0.2173906613,blue,0.0009575514586
237,submcc_mus_soft_ind,0.0004647470484,-0.5311249799,blue,0.0004647470484,0.5311249799,red,0.0009294940967
489,credit_hh_autofinance_new,0.0004551303058,-0.1909756088,blue,0.0004551303058,0.1909756088,red,0.0009102606116
516,credit_num_autofinance,0.0004163286464,-0.3548937121,blue,0.0004163286464,0.3548937121,red,0.0008326572928
459,credit_bal_autofinance_new,0.0004098806929,-0.1412024804,blue,0.0004098806929,0.1412024804,red,0.0008197613857
760,submcc_mus_soft_pmpm_ct,0.0004056242073,-0.3683317636,blue,0.0004056242073,0.3683317636,red,0.0008112484145
515,credit_num_autobank_new,0.000403216744,-0.4467286431,blue,0.000403216744,0.4467286431,red,0.000806433488
13,cons_online_buyer_0.0,0.0003996825723,0.6245549586,red,0.0003996825723,-0.6245549586,blue,0.0007993651445
563,med_outpatient_visit_ct_pmpm,0.0003977860617,0.2993732861,red,0.0003977860617,-0.2993732861,blue,0.0007955721233
504,credit_minmob_mtgcredit,0.0003854208108,0.3159024486,red,0.0003854208108,-0.3159024486,blue,0.0007708416216
535,credit_prcnt_autobank,0.0003763363882,0.32803337,red,0.0003763363882,-0.32803337,blue,0.0007526727764
826,submcc_vco_exam_pmpm_ct,0.0003740626893,0.3208547078,red,0.0003740626893,-0.3208547078,blue,0.0007481253785
520,credit_num_heloc_severederog,0.0003608452091,-0.1338985914,blue,0.0003608452091,0.1338985914,red,0.0007216904182
14,cons_online_buyer_1.0,0.0003604241452,0.5557460701,red,0.0003604241452,-0.5557460701,blue,0.0007208482904
498,credit_hh_totalallcredit_bankruptcy,0.0003323830026,-0.1363553504,blue,0.0003323830026,0.1363553504,red,0.0006647660052
496,credit_hh_studentloan,0.0003312748584,-0.349981398,blue,0.0003312748584,0.349981398,red,0.0006625497168
605,rx_gpi2_39_pmpm_ct,0.0003260704292,0.4241705418,red,0.0003260704292,-0.4241705418,blue,0.0006521408585
509,credit_num_1stmtg_collections,0.0003227625754,-0.2849817156,blue,0.0003227625754,0.2849817156,red,0.0006455251507
450,credit_bal_1stmtg_collections,0.0003012369518,-0.2621410701,blue,0.0003012369518,0.2621410701,red,0.0006024739036
757,submcc_mus_jnt_pmpm_ct,0.0002948782708,-0.03820755812,blue,0.0002948782708,0.03820755812,red,0.0005897565417
734,submcc_hdz_valv_pmpm_ct,0.0002940479814,0.4561203818,red,0.0002940479814,-0.4561203818,blue,0.0005880959628
530,credit_num_nonmtgcredit_60dpd,0.0002886449341,-0.2934608583,blue,0.0002886449341,0.2934608583,red,0.0005772898683
639,rx_gpi2_75_pmpm_ct,0.0002867298115,-0.5996125131,blue,0.0002867298115,0.5996125131,red,0.000573459623
630,rx_gpi2_65_pmpm_ct,0.0002867047142,-0.1867616846,blue,0.0002867047142,0.1867616846,red,0.0005734094284
493,credit_hh_mtg_severederog,0.0002810133508,-0.1284603837,blue,0.0002810133508,0.1284603837,red,0.0005620267016
615,rx_gpi2_49_pmpm_ct,0.000278816523,-0.5079563727,blue,0.000278816523,0.5079563727,red,0.0005576330459
476,credit_bal_studentloan_60dpd,0.0002558705677,-0.2888013979,blue,0.0002558705677,0.2888013979,red,0.0005117411355
501,credit_highcrd_consumerfinance_new,0.000254820376,0.4066280298,red,0.000254820376,-0.4066280298,blue,0.000509640752
452,credit_bal_1stmtgcredit_60dpd,0.0002514277083,0.3035653396,red,0.0002514277083,-0.3035653396,blue,0.0005028554166
522,credit_num_mtg_90to119dpd,0.0002483107561,0.242850698,red,0.0002483107561,-0.242850698,blue,0.0004966215122
531,credit_num_studentloan,0.0002464304733,-0.1872438165,blue,0.0002464304733,0.1872438165,red,0.0004928609465
479,credit_bal_totalallcredit_90to119dpd,0.0002421406148,-0.2472075422,blue,0.0002421406148,0.2472075422,red,0.0004842812296
451,credit_bal_1stmtg_severederog,0.0002381721914,-0.1316419805,blue,0.0002381721914,0.1316419805,red,0.0004763443827
488,credit_hh_autofinance,0.0002322065708,-0.2185851409,blue,0.0002322065708,0.2185851409,red,0.0004644131415
728,submcc_hdz_arrh_pmpm_ct,0.0002318274089,0.4501455185,red,0.0002318274089,-0.4501455185,blue,0.0004636548179
523,credit_num_mtg_collections,0.0002268280735,-0.2548872197,blue,0.0002268280735,0.2548872197,red,0.000453656147
537,credit_prcnt_nonagnfirstmtg,0.0002217862417,0.2307173543,red,0.0002217862417,-0.2307173543,blue,0.0004435724834
692,submcc_can_h/o_pmpm_ct,0.0002191739898,0.1976572909,red,0.0002191739898,-0.1976572909,blue,0.0004383479797
453,credit_bal_agency1stmorg_collectio,0.0002187155995,0.2909511161,red,0.0002187155995,-0.2909511161,blue,0.0004374311989
318,rx_gpi2_44_ind,0.0002119501239,-0.3067735582,blue,0.0002119501239,0.3067735582,red,0.0004239002477
494,credit_hh_nonagnfirstmtg,0.0002062922317,0.1173022248,red,0.0002062922317,-0.1173022248,blue,0.0004125844634
120,ccsp_220_ind,0.0002059760006,0.4156867552,red,0.0002059760006,-0.4156867552,blue,0.0004119520011
449,credit_bal_1stmtg_60to89dpd,0.0002057821947,-0.2594158774,blue,0.0002057821947,0.2594158774,red,0.0004115643893
478,credit_bal_totalallcredit_60to89dpd,0.0002043955355,0.09618261036,red,0.0002043955355,-0.09618261036,blue,0.000408791071
715,submcc_dig_othr_pmpm_ct,0.0002037908945,-0.4508072923,blue,0.0002037908945,0.4508072923,red,0.000407581789
800,submcc_rsk_obe_pmpm_ct,0.0002019412926,-0.4111158917,blue,0.0002019412926,0.4111158917,red,0.0004038825851
320,rx_gpi2_86_ind,0.0002010740134,-0.09527270215,blue,0.0002010740134,0.09527270215,red,0.0004021480268
468,credit_bal_mtgcredit_new,0.0002005073479,-0.3224721844,blue,0.0002005073479,0.3224721844,red,0.0004010146959
252,rx_mail_ind,0.0001988144667,0.5300196866,red,0.0001988144667,-0.5300196866,blue,0.0003976289334
321,rx_gpi2_65_ind,0.0001967399872,-0.3629493307,blue,0.0001967399872,0.3629493307,red,0.0003934799745
518,credit_num_consumerfinance_new,0.0001918612444,0.1254455376,red,0.0001918612444,-0.1254455376,blue,0.0003837224888
533,credit_num_totalallcredit_collections,0.0001866182389,-0.2430472707,blue,0.0001866182389,0.2430472707,red,0.0003732364779
599,rx_gpi2_33_pmpm_ct,0.0001862890386,0.2984142883,red,0.0001862890386,-0.2984142883,blue,0.0003725780772
517,credit_num_consumerfinance,0.0001850437704,-0.2971744803,blue,0.0001850437704,0.2971744803,red,0.0003700875408
532,credit_num_studentloan_60dpd,0.0001819008501,-0.2048820871,blue,0.0001819008501,0.2048820871,red,0.0003638017002
176,rx_gpi2_32_ind,0.0001784165891,-0.6156296315,blue,0.0001784165891,0.6156296315,red,0.0003568331782
835,total_outpatient_visit_ct_pmpm,0.0001756817492,0.1695336104,red,0.0001756817492,-0.1695336104,blue,0.0003513634985
513,credit_num_agencyfirstmtg_60dpd,0.0001746773305,0.30030718,red,0.0001746773305,-0.30030718,blue,0.000349354661
485,credit_hh_agencyfirstmtg_new,0.0001690513366,0.148285148,red,0.0001690513366,-0.148285148,blue,0.0003381026732
583,rx_gpi2_17_pmpm_ct,0.0001681536092,0.3422352103,red,0.0001681536092,-0.3422352103,blue,0.0003363072185
514,credit_num_autobank,0.0001656982109,-0.186023183,blue,0.0001656982109,0.186023183,red,0.0003313964217
464,credit_bal_heloc_severederog,0.0001634955226,-0.1235266199,blue,0.0001634955226,0.1235266199,red,0.0003269910452
650,rx_gpi2_86_pmpm_ct,0.000159120402,0.2437771937,red,0.000159120402,-0.2437771937,blue,0.000318240804
564,med_physician_office_visit_ct_pmpm,0.0001534346361,0.06380970556,red,0.0001534346361,-0.06380970556,blue,0.0003068692722
573,rx_gpi2_05_pmpm_ct,0.0001464760897,0.330921313,red,0.0001464760897,-0.330921313,blue,0.0002929521794
156,prov_spec_home_health_ind,0.0001431897442,-0.4470605894,blue,0.0001431897442,0.4470605894,red,0.0002863794884
525,credit_num_nonagn1stmorg_30to59dpd,0.0001418537656,0.3300868561,red,0.0001418537656,-0.3300868561,blue,0.0002837075313
455,credit_bal_agencyfirstmtg_new,0.000139012288,-0.1818627231,blue,0.000139012288,0.1818627231,red,0.000278024576
467,credit_bal_mtg_severederog,0.000138781911,0.2280886878,red,0.000138781911,-0.2280886878,blue,0.000277563822
474,credit_bal_nonagnfirstmtg_60dpd,0.0001378218307,0.2202360816,red,0.0001378218307,-0.2202360816,blue,0.0002756436613
710,submcc_dia_neu_pmpm_ct,0.0001369825419,-0.3199561402,blue,0.0001369825419,0.3199561402,red,0.0002739650838
510,credit_num_1stmtg_severederog,0.0001364254852,-0.3001778598,blue,0.0001364254852,0.3001778598,red,0.0002728509703
465,credit_bal_mtg_90to119dpd,0.000136356817,-0.1717728414,blue,0.000136356817,0.1717728414,red,0.0002727136341
470,credit_bal_nonagn1stmorg_60to89dpd,0.0001346011197,0.1763095076,red,0.0001346011197,-0.1763095076,blue,0.0002692022393
491,credit_hh_consumerfinance,0.0001338550759,-0.2310495242,blue,0.0001338550759,0.2310495242,red,0.0002677101517
150,prov_pcp_ind,0.0001303079623,0.4647424654,red,0.0001303079623,-0.4647424654,blue,0.0002606159246
843,hlth_pgm_slvrsnkr_pct_par,0.0001291813828,0.351577468,red,0.0001291813828,-0.351577468,blue,0.0002583627657
706,submcc_cir_hbp_pmpm_ct,0.0001268373022,0.05992843687,red,0.0001268373022,-0.05992843687,blue,0.0002536746044
121,ccsp_228_ind,0.0001261645222,0.4602726868,red,0.0001261645222,-0.4602726868,blue,0.0002523290444
122,ccsp_236_ind,0.0001235827813,-0.4176857826,blue,0.0001235827813,0.4176857826,red,0.0002471655626
62,hedis_dia_ma_nephr_Y,0.0001209849813,0.4097394593,red,0.0001209849813,-0.4097394593,blue,0.0002419699626
660,rx_gpi2_97_pmpm_ct,0.0001197175045,-0.4693470571,blue,0.0001197175045,0.4693470571,red,0.0002394350089
654,rx_gpi2_90_pmpm_ct,0.0001177043263,0.2024598754,red,0.0001177043263,-0.2024598754,blue,0.0002354086526
407,submcc_ner_othr_ind,0.0001175828963,-0.2748214901,blue,0.0001175828963,0.2748214901,red,0.0002351657926
152,prov_spec_addiction_all_ind,0.0001172087599,0.3541860154,red,0.0001172087599,-0.3541860154,blue,0.0002344175198
705,submcc_cir_art_pmpm_ct,0.0001139536349,0.3981811235,red,0.0001139536349,-0.3981811235,blue,0.0002279072698
505,credit_minmob_nonagn,0.0001127013554,-0.1344244024,blue,0.0001127013554,0.1344244024,red,0.0002254027109
462,credit_bal_consumerfinance_new,0.000110928233,0.02801350161,red,0.000110928233,-0.02801350161,blue,0.0002218564659
528,credit_num_nonagn1stmorg_bankruptc,0.0001082200187,0.133857167,red,0.0001082200187,-0.133857167,blue,0.0002164400373
507,credit_num_1stmtg_60to89dpd,0.0001081731277,-0.02920519528,blue,0.0001081731277,0.02920519528,red,0.0002163462555
803,submcc_rsk_smok_pmpm_ct,0.0001077333693,-0.2810091979,blue,0.0001077333693,0.2810091979,red,0.0002154667386
553,betos_t2a_pmpm_ct,9.97E-05,-0.1625220875,blue,9.97E-05,0.1625220875,red,1.99E-04
593,rx_gpi2_27_pmpm_ct,9.97E-05,-0.4270409221,blue,9.97E-05,0.4270409221,red,1.99E-04
556,med_er_visit_ct_pmpm,9.81E-05,-0.2382042084,blue,9.81E-05,0.2382042084,red,1.96E-04
540,betos_m1b_pmpm_ct,9.28E-05,-0.1779355964,blue,9.28E-05,0.1779355964,red,1.86E-04
492,credit_hh_consumerfinance_new,9.21E-05,0.1623489529,red,9.21E-05,-0.1623489529,blue,1.84E-04
677,submcc_bld_othr_pmpm_ct,8.77E-05,0.3167360813,red,8.77E-05,-0.3167360813,blue,1.75E-04
466,credit_bal_mtg_bankruptcy,8.65E-05,0.1916273816,red,8.65E-05,-0.1916273816,blue,1.73E-04
502,credit_minmob_1stmtgcredit,8.34E-05,0.1121585432,red,8.34E-05,-0.1121585432,blue,1.67E-04
508,credit_num_1stmtg_bankruptcy,8.12E-05,0.1196404479,red,8.12E-05,-0.1196404479,blue,1.62E-04
506,credit_num_1stmtg_30to59dpd,8.11E-05,-0.1729087594,blue,8.11E-05,0.1729087594,red,1.62E-04
724,submcc_gus_fem_pmpm_ct,7.80E-05,-0.2702985442,blue,7.80E-05,0.2702985442,red,1.56E-04
334,betos_o1b_ind,7.37E-05,0.4051649152,red,7.37E-05,-0.4051649152,blue,1.47E-04
454,credit_bal_agencyfirstmtg_60dpd,7.26E-05,-0.1662422998,blue,7.26E-05,0.1662422998,red,1.45E-04
481,credit_hh_1stmtg_severederog,7.20E-05,-0.1044614741,blue,7.20E-05,0.1044614741,red,1.44E-04
512,credit_num_agency1stmorg_collectio,6.95E-05,-0.2436937305,blue,6.95E-05,0.2436937305,red,1.39E-04
527,credit_num_nonagn1stmorg_90to119dp,6.68E-05,-0.1335706188,blue,6.68E-05,0.1335706188,red,1.34E-04
785,submcc_rar_ra_pmpm_ct,6.67E-05,-0.1947255922,blue,6.67E-05,0.1947255922,red,1.33E-04
331,rx_otc_ind,6.61E-05,-0.1973115703,blue,6.61E-05,0.1973115703,red,1.32E-04
643,rx_gpi2_79_pmpm_ct,6.38E-05,0.1753019949,red,6.38E-05,-0.1753019949,blue,1.28E-04
214,betos_t1a_ind,6.38E-05,0.2652943977,red,6.38E-05,-0.2652943977,blue,1.28E-04
285,submcc_can_skn_ind,6.35E-05,0.3998359664,red,6.35E-05,-0.3998359664,blue,1.27E-04
814,submcc_sor_eye_pmpm_ct,6.29E-05,0.1330406989,red,6.29E-05,-0.1330406989,blue,1.26E-04
456,credit_bal_autobank,6.21E-05,-0.09462615487,blue,6.21E-05,0.09462615487,red,1.24E-04
302,submcc_mus_oste_ind,6.05E-05,0.2554802485,red,6.05E-05,-0.2554802485,blue,1.21E-04
267,submcc_cer_occ_ind,5.86E-05,0.2661114594,red,5.86E-05,-0.2661114594,blue,1.17E-04
622,rx_gpi2_56_pmpm_ct,5.67E-05,0.2335532108,red,5.67E-05,-0.2335532108,blue,1.13E-04
20,cons_veteran_y_1.0,5.62E-05,0.2895384141,red,5.62E-05,-0.2895384141,blue,1.12E-04
745,submcc_inj_org_pmpm_ct,5.52E-05,-0.2755086905,blue,5.52E-05,0.2755086905,red,1.10E-04
308,rx_gpi2_43_ind,5.40E-05,0.3270282526,red,5.40E-05,-0.3270282526,blue,1.08E-04
4,sex_cd,5.39E-05,0.1644318324,red,5.39E-05,-0.1644318324,blue,1.08E-04
719,submcc_end_meta_pmpm_ct,5.39E-05,0.2979351193,red,5.39E-05,-0.2979351193,blue,1.08E-04
266,rx_gpi2_60_ind,5.30E-05,0.2238544919,red,5.30E-05,-0.2238544919,blue,1.06E-04
408,submcc_rar_ra_ind,5.24E-05,0.3675839174,red,5.24E-05,-0.3675839174,blue,1.05E-04
722,submcc_end_thy_pmpm_ct,5.20E-05,0.2661998888,red,5.20E-05,-0.2661998888,blue,1.04E-04
380,submcc_can_h/o_ind,5.03E-05,0.3001947215,red,5.03E-05,-0.3001947215,blue,1.01E-04
600,rx_gpi2_34_pmpm_ct,4.90E-05,0.1846599879,red,4.90E-05,-0.1846599879,blue,9.79E-05
463,credit_bal_heloc_60dpd,4.84E-05,-0.175471419,blue,4.84E-05,0.175471419,red,9.69E-05
792,submcc_res_inf_pmpm_ct,4.73E-05,-0.3260095905,blue,4.73E-05,0.3260095905,red,9.47E-05
751,submcc_men_schz_pmpm_ct,4.73E-05,-0.4317272806,blue,4.73E-05,0.4317272806,red,9.45E-05
486,credit_hh_autobank,4.66E-05,0.1748168624,red,4.66E-05,-0.1748168624,blue,9.32E-05
790,submcc_res_copd_pmpm_ct,4.64E-05,-0.179715605,blue,4.64E-05,0.179715605,red,9.27E-05
744,submcc_inj_drug_pmpm_ct,4.57E-05,-0.2935094493,blue,4.57E-05,0.2935094493,red,9.14E-05
765,submcc_ner_migr_pmpm_ct,4.56E-05,-0.0866175258,blue,4.56E-05,0.0866175258,red,9.13E-05
703,submcc_cer_tia_pmpm_ct,4.04E-05,0.4577442488,red,4.04E-05,-0.4577442488,blue,8.08E-05
664,rx_otc_pmpm_ct,3.97E-05,-0.07331512677,blue,3.97E-05,0.07331512677,red,7.94E-05
681,submcc_cad_ashd_pmpm_ct,3.85E-05,0.3454622211,red,3.85E-05,-0.3454622211,blue,7.70E-05
699,submcc_can_skn_pmpm_ct,3.47E-05,0.4317417146,red,3.47E-05,-0.4317417146,blue,6.94E-05
696,submcc_can_othr_pmpm_ct,3.41E-05,0.2124747204,red,3.41E-05,-0.2124747204,blue,6.82E-05
42,cons_hhcomp_L,3.35E-05,0.2133180588,red,3.35E-05,-0.2133180588,blue,6.70E-05
680,submcc_cad_ang_pmpm_ct,3.31E-05,0.32064096,red,3.31E-05,-0.32064096,blue,6.61E-05
503,credit_minmob_agencyfirstmtg,3.05E-05,-0.0925416156,blue,3.05E-05,0.0925416156,red,6.11E-05
211,rx_gpi2_97_ind,3.03E-05,0.1932299808,red,3.03E-05,-0.1932299808,blue,6.06E-05
788,submcc_res_alg_pmpm_ct,3.00E-05,0.256685754,red,3.00E-05,-0.256685754,blue,6.00E-05
299,submcc_res_asth_ind,2.71E-05,0.2133097372,red,2.71E-05,-0.2133097372,blue,5.42E-05
618,rx_gpi2_52_pmpm_ct,2.63E-05,-0.3072380015,blue,2.63E-05,0.3072380015,red,5.26E-05
684,submcc_cad_isch_pmpm_ct,2.50E-05,0.2785515958,red,2.50E-05,-0.2785515958,blue,5.00E-05
850,pdc_ast,2.19E-05,-0.2857100522,blue,2.19E-05,0.2857100522,red,4.37E-05
388,submcc_sns_chst_ind,2.13E-05,-0.06521929693,blue,2.13E-05,0.06521929693,red,4.26E-05
631,rx_gpi2_66_pmpm_ct,2.06E-05,-0.2084886094,blue,2.06E-05,0.2084886094,red,4.12E-05
607,rx_gpi2_41_pmpm_ct,2.03E-05,0.3761370931,red,2.03E-05,-0.3761370931,blue,4.07E-05
682,submcc_cad_cabg_pmpm_ct,2.03E-05,0.307324754,red,2.03E-05,-0.307324754,blue,4.06E-05
810,submcc_sns_cons_pmpm_ct,1.86E-05,-0.08115010032,blue,1.86E-05,0.08115010032,red,3.73E-05
633,rx_gpi2_68_pmpm_ct,1.77E-05,0.2031130959,red,1.77E-05,-0.2031130959,blue,3.54E-05
457,credit_bal_autobank_new,1.71E-05,0.05446269705,red,1.71E-05,-0.05446269705,blue,3.42E-05
312,betos_d1c_ind,1.62E-05,-0.2765480635,blue,1.62E-05,0.2765480635,red,3.25E-05
554,betos_y2_pmpm_ct,1.61E-05,0.2674989174,red,1.61E-05,-0.2674989174,blue,3.23E-05
281,submcc_men_abus_ind,1.49E-05,-0.1025918598,blue,1.49E-05,0.1025918598,red,2.98E-05
469,credit_bal_nonagn1stmorg_30to59dpd,1.31E-05,0.1139821997,red,1.31E-05,-0.1139821997,blue,2.62E-05
844,med_ip_snf_admit_days_pmpm,1.29E-05,-0.3612540642,blue,1.29E-05,0.3612540642,red,2.59E-05
806,submcc_skn_othr_pmpm_ct,1.17E-05,0.16955726,red,1.17E-05,-0.16955726,blue,2.34E-05
307,submcc_can_othr_ind,1.14E-05,0.1482235472,red,1.14E-05,-0.1482235472,blue,2.28E-05
723,submcc_gus_brst_pmpm_ct,1.13E-05,-0.1997823828,blue,1.13E-05,0.1997823828,red,2.26E-05
570,rx_gpi2_02_pmpm_ct,9.07E-06,-0.04594418329,blue,9.07E-06,0.04594418329,red,1.81E-05
795,submcc_rsk_chol_pmpm_ct,6.88E-06,0.1272787696,red,6.88E-06,-0.1272787696,blue,1.38E-05
354,betos_d1d_ind,3.86E-06,0.131142905,red,3.86E-06,-0.131142905,blue,7.73E-06
1,dcsi_score,0,0,blue,0,0,blue,0
3,hcc_weighted_sum,0,0,blue,0,0,blue,0
6,cons_hcaccprf_h_1.0,0,0,blue,0,0,blue,0
7,cons_hcaccprf_p_0.0,0,0,blue,0,0,blue,0
8,cons_hcaccprf_p_1.0,0,0,blue,0,0,blue,0
10,cons_n2029_y_1.0,0,0,blue,0,0,blue,0
15,cons_ret_y_0.0,0,0,blue,0,0,blue,0
16,cons_ret_y_1.0,0,0,blue,0,0,blue,0
17,cons_retail_buyer_0.0,0,0,blue,0,0,blue,0
19,cons_veteran_y_0.0,0,0,blue,0,0,blue,0
22,cons_homstat_T,0,0,blue,0,0,blue,0
23,cons_homstat_U,0,0,blue,0,0,blue,0
24,cons_homstat_X,0,0,blue,0,0,blue,0
26,cons_cmys_0,0,0,blue,0,0,blue,0
27,cons_cmys_2,0,0,blue,0,0,blue,0
28,cons_cmys_3,0,0,blue,0,0,blue,0
29,cons_cmys_4,0,0,blue,0,0,blue,0
30,cons_cmys_5,0,0,blue,0,0,blue,0
31,cons_cmys_6,0,0,blue,0,0,blue,0
33,cons_hhcomp_C,0,0,blue,0,0,blue,0
34,cons_hhcomp_D,0,0,blue,0,0,blue,0
35,cons_hhcomp_E,0,0,blue,0,0,blue,0
36,cons_hhcomp_F,0,0,blue,0,0,blue,0
37,cons_hhcomp_G,0,0,blue,0,0,blue,0
38,cons_hhcomp_H,0,0,blue,0,0,blue,0
39,cons_hhcomp_I,0,0,blue,0,0,blue,0
40,cons_hhcomp_J,0,0,blue,0,0,blue,0
41,cons_hhcomp_K,0,0,blue,0,0,blue,0
43,cons_hhcomp_U,0,0,blue,0,0,blue,0
45,lang_spoken_cd_ENG,0,0,blue,0,0,blue,0
47,hedis_cmc_ldc_c_control_X,0,0,blue,0,0,blue,0
48,hedis_cmc_ldc_c_control_Y,0,0,blue,0,0,blue,0
49,hedis_cmc_ldc_c_screen_X,0,0,blue,0,0,blue,0
50,hedis_cmc_ldc_c_screen_Y,0,0,blue,0,0,blue,0
51,hedis_dia_eye_X,0,0,blue,0,0,blue,0
52,hedis_dia_eye_Y,0,0,blue,0,0,blue,0
53,hedis_dia_hba1c_ge9_X,0,0,blue,0,0,blue,0
54,hedis_dia_hba1c_ge9_Y,0,0,blue,0,0,blue,0
55,hedis_dia_hba1c_test_X,0,0,blue,0,0,blue,0
56,hedis_dia_hba1c_test_Y,0,0,blue,0,0,blue,0
57,hedis_dia_ldc_c_control_X,0,0,blue,0,0,blue,0
58,hedis_dia_ldc_c_control_Y,0,0,blue,0,0,blue,0
59,hedis_dia_ldc_c_screen_X,0,0,blue,0,0,blue,0
60,hedis_dia_ldc_c_screen_Y,0,0,blue,0,0,blue,0
61,hedis_dia_ma_nephr_X,0,0,blue,0,0,blue,0
63,rucc_category_2-Metro,0,0,blue,0,0,blue,0
64,rucc_category_3-Metro,0,0,blue,0,0,blue,0
65,rucc_category_4-Nonmetro,0,0,blue,0,0,blue,0
66,rucc_category_5-Nonmetro,0,0,blue,0,0,blue,0
67,rucc_category_6-Nonmetro,0,0,blue,0,0,blue,0
68,rucc_category_7-Nonmetro,0,0,blue,0,0,blue,0
69,rucc_category_8-Nonmetro,0,0,blue,0,0,blue,0
70,rucc_category_9-Nonmetro,0,0,blue,0,0,blue,0
74,cms_ra_factor_type_cd_D,0,0,blue,0,0,blue,0
75,cms_ra_factor_type_cd_E,0,0,blue,0,0,blue,0
76,cms_ra_factor_type_cd_I,0,0,blue,0,0,blue,0
77,cms_ra_factor_type_cd_SE,0,0,blue,0,0,blue,0
79,mabh_seg_C2,0,0,blue,0,0,blue,0
80,mabh_seg_C3,0,0,blue,0,0,blue,0
81,mabh_seg_C4,0,0,blue,0,0,blue,0
82,mabh_seg_C5,0,0,blue,0,0,blue,0
83,mabh_seg_C6,0,0,blue,0,0,blue,0
84,mabh_seg_C7,0,0,blue,0,0,blue,0
85,mabh_seg_H1,0,0,blue,0,0,blue,0
87,mabh_seg_H3,0,0,blue,0,0,blue,0
88,mabh_seg_H4,0,0,blue,0,0,blue,0
89,mabh_seg_H5,0,0,blue,0,0,blue,0
90,mabh_seg_H6,0,0,blue,0,0,blue,0
91,mabh_seg_H7,0,0,blue,0,0,blue,0
92,mabh_seg_H8,0,0,blue,0,0,blue,0
95,smoker_current_ind,0,0,blue,0,0,blue,0
96,smoker_former_ind,0,0,blue,0,0,blue,0
97,bh_adtp_ind,0,0,blue,0,0,blue,0
98,bh_aoth_ind,0,0,blue,0,0,blue,0
99,bh_bipr_ind,0,0,blue,0,0,blue,0
100,bh_cdal_ind,0,0,blue,0,0,blue,0
101,bh_cdsb_ind,0,0,blue,0,0,blue,0
104,ccsp_014_ind,0,0,blue,0,0,blue,0
105,ccsp_020_ind,0,0,blue,0,0,blue,0
106,ccsp_021_ind,0,0,blue,0,0,blue,0
107,ccsp_034_ind,0,0,blue,0,0,blue,0
108,ccsp_060_ind,0,0,blue,0,0,blue,0
109,ccsp_062_ind,0,0,blue,0,0,blue,0
110,ccsp_080_ind,0,0,blue,0,0,blue,0
111,ccsp_107_ind,0,0,blue,0,0,blue,0
112,ccsp_120_ind,0,0,blue,0,0,blue,0
113,ccsp_125_ind,0,0,blue,0,0,blue,0
114,ccsp_130_ind,0,0,blue,0,0,blue,0
115,ccsp_163_ind,0,0,blue,0,0,blue,0
116,ccsp_169_ind,0,0,blue,0,0,blue,0
117,ccsp_204_ind,0,0,blue,0,0,blue,0
118,ccsp_205_ind,0,0,blue,0,0,blue,0
119,ccsp_212_ind,0,0,blue,0,0,blue,0
124,ccsp_242_ind,0,0,blue,0,0,blue,0
127,cms_hospice_ind,0,0,blue,0,0,blue,0
129,cmsd2_can_unc_neo/plycyth/myelo_ind,0,0,blue,0,0,blue,0
130,cmsd2_eye_blindness_ind,0,0,blue,0,0,blue,0
131,cmsd2_gus_m_genital_ind,0,0,blue,0,0,blue,0
134,cmsd2_mus_polyarthropath_ind,0,0,blue,0,0,blue,0
135,cmsd2_mus_spondylopath_ind,0,0,blue,0,0,blue,0
136,cmsd2_skn_radiation_ind,0,0,blue,0,0,blue,0
138,lab_abn_result_ind,0,0,blue,0,0,blue,0
139,lab_bnp_abn_result_ind,0,0,blue,0,0,blue,0
140,lab_bun_abn_result_ind,0,0,blue,0,0,blue,0
141,lab_cholesterol_abn_result_ind,0,0,blue,0,0,blue,0
142,lab_creatinine_abn_result_ind,0,0,blue,0,0,blue,0
143,lab_egfr_abn_result_ind,0,0,blue,0,0,blue,0
144,lab_hba1_c_abn_result_ind,0,0,blue,0,0,blue,0
147,phy_em_pi_ind,0,0,blue,0,0,blue,0
148,phy_em_px_ind,0,0,blue,0,0,blue,0
149,prov_fb_ind,0,0,blue,0,0,blue,0
151,prov_sp_ind,0,0,blue,0,0,blue,0
154,prov_spec_bh_psychiatric_ind,0,0,blue,0,0,blue,0
155,prov_spec_chiropractic_ind,0,0,blue,0,0,blue,0
157,prov_spec_med_supply_ind,0,0,blue,0,0,blue,0
158,prov_spec_nurse_phy_assist_ind,0,0,blue,0,0,blue,0
159,prov_spec_pain_mgmt_ind,0,0,blue,0,0,blue,0
160,prov_spec_phy_general_ind,0,0,blue,0,0,blue,0
161,prov_spec_phy_geriatric_ind,0,0,blue,0,0,blue,0
162,rev_cms_ambul_ind,0,0,blue,0,0,blue,0
163,rev_cms_clinic_ind,0,0,blue,0,0,blue,0
165,rev_cms_icu_ind,0,0,blue,0,0,blue,0
166,rev_cms_lab_ind,0,0,blue,0,0,blue,0
167,rev_cms_nicu_ind,0,0,blue,0,0,blue,0
168,rev_cms_phar_ind,0,0,blue,0,0,blue,0
169,submcc_mus_back_ind,0,0,blue,0,0,blue,0
170,submcc_cad_ang_ind,0,0,blue,0,0,blue,0
171,rx_gpi2_31_ind,0,0,blue,0,0,blue,0
172,submcc_gus_othr_ind,0,0,blue,0,0,blue,0
173,submcc_trm_spfx_ind,0,0,blue,0,0,blue,0
174,submcc_bld_othr_ind,0,0,blue,0,0,blue,0
175,rx_gpi2_18_ind,0,0,blue,0,0,blue,0
177,rx_gpi2_66_ind,0,0,blue,0,0,blue,0
178,submcc_hdz_it_is_ind,0,0,blue,0,0,blue,0
179,rx_gpi2_78_ind,0,0,blue,0,0,blue,0
180,rx_gpi2_45_ind,0,0,blue,0,0,blue,0
181,rx_gpi2_40_ind,0,0,blue,0,0,blue,0
182,submcc_ano_cns_ind,0,0,blue,0,0,blue,0
183,rx_gpi2_87_ind,0,0,blue,0,0,blue,0
184,submcc_trm_spnj_ind,0,0,blue,0,0,blue,0
185,rx_gpi2_84_ind,0,0,blue,0,0,blue,0
187,betos_o1e_ind,0,0,blue,0,0,blue,0
188,submcc_pre_del_ind,0,0,blue,0,0,blue,0
189,submcc_can_gu_ind,0,0,blue,0,0,blue,0
190,rx_gpi2_16_ind,0,0,blue,0,0,blue,0
191,submcc_inf_sep_ind,0,0,blue,0,0,blue,0
192,submcc_can_ner_ind,0,0,blue,0,0,blue,0
194,submcc_ner_migr_ind,0,0,blue,0,0,blue,0
195,submcc_dig_othr_ind,0,0,blue,0,0,blue,0
196,submcc_can_sec_ind,0,0,blue,0,0,blue,0
197,rx_gpi2_53_ind,0,0,blue,0,0,blue,0
198,submcc_vco_end_ind,0,0,blue,0,0,blue,0
199,betos_t2a_ind,0,0,blue,0,0,blue,0
200,submcc_rar_drm_ind,0,0,blue,0,0,blue,0
201,rx_gpi2_81_ind,0,0,blue,0,0,blue,0
202,submcc_dia_eye_ind,0,0,blue,0,0,blue,0
203,rx_gpi2_62_ind,0,0,blue,0,0,blue,0
204,submcc_hdz_othr_ind,0,0,blue,0,0,blue,0
205,submcc_brn_othr_ind,0,0,blue,0,0,blue,0
207,submcc_cir_art_ind,0,0,blue,0,0,blue,0
208,rx_gpi2_29_ind,0,0,blue,0,0,blue,0
209,submcc_trm_brn_ind,0,0,blue,0,0,blue,0
210,submcc_hiv_othr_ind,0,0,blue,0,0,blue,0
212,rx_gpi2_42_ind,0,0,blue,0,0,blue,0
213,rx_gpi2_14_ind,0,0,blue,0,0,blue,0
215,submcc_ben_ner_ind,0,0,blue,0,0,blue,0
216,rx_gpi2_05_ind,0,0,blue,0,0,blue,0
217,betos_m2c_ind,0,0,blue,0,0,blue,0
218,rx_gpi2_54_ind,0,0,blue,0,0,blue,0
219,submcc_ben_lymp_ind,0,0,blue,0,0,blue,0
220,rx_gpi2_19_ind,0,0,blue,0,0,blue,0
221,submcc_ben_unk_ind,0,0,blue,0,0,blue,0
222,rx_gpi2_02_ind,0,0,blue,0,0,blue,0
223,submcc_cir_anur_ind,0,0,blue,0,0,blue,0
224,submcc_pre_othr_ind,0,0,blue,0,0,blue,0
225,rx_gpi2_12_ind,0,0,blue,0,0,blue,0
226,rx_gpi2_34_ind,0,0,blue,0,0,blue,0
227,submcc_ano_hrt_ind,0,0,blue,0,0,blue,0
228,submcc_cer_tia_ind,0,0,blue,0,0,blue,0
229,rx_gpi2_93_ind,0,0,blue,0,0,blue,0
230,submcc_hdz_arrh_ind,0,0,blue,0,0,blue,0
231,submcc_rar_ms_ind,0,0,blue,0,0,blue,0
232,rx_gpi2_47_ind,0,0,blue,0,0,blue,0
233,rx_gpi2_56_ind,0,0,blue,0,0,blue,0
235,submcc_dig_ugi_ind,0,0,blue,0,0,blue,0
236,rx_gpi2_33_ind,0,0,blue,0,0,blue,0
238,submcc_res_othr_ind,0,0,blue,0,0,blue,0
239,submcc_ano_mus_ind,0,0,blue,0,0,blue,0
240,submcc_ner_deg_ind,0,0,blue,0,0,blue,0
241,rx_gpi2_51_ind,0,0,blue,0,0,blue,0
242,submcc_dia_pvd_ind,0,0,blue,0,0,blue,0
243,submcc_cir_othr_ind,0,0,blue,0,0,blue,0
244,submcc_can_leuk_ind,0,0,blue,0,0,blue,0
245,submcc_rar_othr_ind,0,0,blue,0,0,blue,0
246,rx_gpi2_35_ind,0,0,blue,0,0,blue,0
247,rx_gpi2_49_ind,0,0,blue,0,0,blue,0
248,submcc_ner_infl_ind,0,0,blue,0,0,blue,0
249,rx_gpi2_79_ind,0,0,blue,0,0,blue,0
250,rx_gpi2_27_ind,0,0,blue,0,0,blue,0
251,submcc_can_end_ind,0,0,blue,0,0,blue,0
253,submcc_inj_comp_ind,0,0,blue,0,0,blue,0
254,betos_t1b_ind,0,0,blue,0,0,blue,0
255,rx_gpi2_92_ind,0,0,blue,0,0,blue,0
256,submcc_dig_lgi_ind,0,0,blue,0,0,blue,0
257,submcc_mus_jnt_ind,0,0,blue,0,0,blue,0
258,submcc_men_alco_ind,0,0,blue,0,0,blue,0
259,rx_gpi2_41_ind,0,0,blue,0,0,blue,0
260,rx_gpi2_30_ind,0,0,blue,0,0,blue,0
261,rx_gpi2_26_ind,0,0,blue,0,0,blue,0
262,submcc_trm_hip_ind,0,0,blue,0,0,blue,0
263,betos_m5d_ind,0,0,blue,0,0,blue,0
264,submcc_dia_nep_ind,0,0,blue,0,0,blue,0
265,submcc_sns_dth_ind,0,0,blue,0,0,blue,0
268,rx_gpi2_95_ind,0,0,blue,0,0,blue,0
269,submcc_mus_form_ind,0,0,blue,0,0,blue,0
270,submcc_hdz_surg_ind,0,0,blue,0,0,blue,0
271,submcc_ano_othr_ind,0,0,blue,0,0,blue,0
272,submcc_cad_fh/ho_ind,0,0,blue,0,0,blue,0
273,submcc_end_gld_ind,0,0,blue,0,0,blue,0
274,submcc_inj_othr_ind,0,0,blue,0,0,blue,0
275,submcc_sns_cons_ind,0,0,blue,0,0,blue,0
276,rx_gpi2_99_ind,0,0,blue,0,0,blue,0
278,submcc_can_res_ind,0,0,blue,0,0,blue,0
279,submcc_cer_seq_ind,0,0,blue,0,0,blue,0
280,submcc_rar_cid_ind,0,0,blue,0,0,blue,0
282,submcc_dia_neu_ind,0,0,blue,0,0,blue,0
283,submcc_ner_epil_ind,0,0,blue,0,0,blue,0
286,betos_m5c_ind,0,0,blue,0,0,blue,0
287,submcc_neo_fh/ho_ind,0,0,blue,0,0,blue,0
288,submcc_cad_ashd_ind,0,0,blue,0,0,blue,0
289,rx_gpi2_01_ind,0,0,blue,0,0,blue,0
290,submcc_inf_cand_ind,0,0,blue,0,0,blue,0
291,submcc_trm_fxul_ind,0,0,blue,0,0,blue,0
292,rx_gpi2_90_ind,0,0,blue,0,0,blue,0
293,rx_gpi2_64_ind,0,0,blue,0,0,blue,0
294,rx_gpi2_08_ind,0,0,blue,0,0,blue,0
295,submcc_sns_abd_ind,0,0,blue,0,0,blue,0
296,rx_gpi2_11_ind,0,0,blue,0,0,blue,0
297,rx_gpi2_36_ind,0,0,blue,0,0,blue,0
298,submcc_sor_ear_ind,0,0,blue,0,0,blue,0
300,submcc_end_thy_ind,0,0,blue,0,0,blue,0
301,rx_gpi2_23_ind,0,0,blue,0,0,blue,0
303,submcc_cad_isch_ind,0,0,blue,0,0,blue,0
304,rx_gpi2_69_ind,0,0,blue,0,0,blue,0
305,submcc_sns_coma_ind,0,0,blue,0,0,blue,0
306,rx_gpi2_83_ind,0,0,blue,0,0,blue,0
309,submcc_trm_prly_ind,0,0,blue,0,0,blue,0
310,submcc_cad_cabg_ind,0,0,blue,0,0,blue,0
311,submcc_gus_brst_ind,0,0,blue,0,0,blue,0
313,rx_branded_ind,0,0,blue,0,0,blue,0
314,submcc_rar_als_ind,0,0,blue,0,0,blue,0
315,submcc_rar_cf_ind,0,0,blue,0,0,blue,0
316,rx_gpi2_94_ind,0,0,blue,0,0,blue,0
317,rx_gpi2_25_ind,0,0,blue,0,0,blue,0
322,submcc_rsk_smok_ind,0,0,blue,0,0,blue,0
323,rx_gpi2_04_ind,0,0,blue,0,0,blue,0
324,submcc_rar_sca_ind,0,0,blue,0,0,blue,0
325,submcc_can_h/n_ind,0,0,blue,0,0,blue,0
326,submcc_inf_men_ind,0,0,blue,0,0,blue,0
328,rx_gpi2_61_ind,0,0,blue,0,0,blue,0
329,betos_t1h_ind,0,0,blue,0,0,blue,0
330,submcc_hdz_it_i_ind,0,0,blue,0,0,blue,0
332,rx_gpi2_21_ind,0,0,blue,0,0,blue,0
333,rx_gpi2_50_ind,0,0,blue,0,0,blue,0
335,submcc_rar_lup_ind,0,0,blue,0,0,blue,0
337,submcc_trm_fxu_ind,0,0,blue,0,0,blue,0
338,rx_gpi2_72_ind,0,0,blue,0,0,blue,0
339,submcc_end_meta_ind,0,0,blue,0,0,blue,0
340,submcc_pre_com_ind,0,0,blue,0,0,blue,0
341,rx_generic_ind,0,0,blue,0,0,blue,0
342,submcc_hiv_pcp_ind,0,0,blue,0,0,blue,0
343,rx_gpi2_85_ind,0,0,blue,0,0,blue,0
344,submcc_end_nutr_ind,0,0,blue,0,0,blue,0
345,submcc_res_inf_ind,0,0,blue,0,0,blue,0
346,submcc_end_othr_ind,0,0,blue,0,0,blue,0
347,submcc_ano_gu_ind,0,0,blue,0,0,blue,0
348,rx_gpi2_24_ind,0,0,blue,0,0,blue,0
349,submcc_rar_pol_ind,0,0,blue,0,0,blue,0
350,submcc_can_dig_ind,0,0,blue,0,0,blue,0
351,submcc_trm_skul_ind,0,0,blue,0,0,blue,0
352,submcc_gus_male_ind,0,0,blue,0,0,blue,0
353,rx_gpi2_28_ind,0,0,blue,0,0,blue,0
355,submcc_res_fail_ind,0,0,blue,0,0,blue,0
356,submcc_vco_care_ind,0,0,blue,0,0,blue,0
357,submcc_gus_fem_ind,0,0,blue,0,0,blue,0
358,submcc_rsk_fh/h_ind,0,0,blue,0,0,blue,0
359,rx_gpi2_13_ind,0,0,blue,0,0,blue,0
360,submcc_inj_org_ind,0,0,blue,0,0,blue,0
361,submcc_mus_othr_ind,0,0,blue,0,0,blue,0
362,rx_gpi2_67_ind,0,0,blue,0,0,blue,0
363,submcc_rsk_pcos_ind,0,0,blue,0,0,blue,0
364,submcc_pre_ect_ind,0,0,blue,0,0,blue,0
365,rx_gpi2_38_ind,0,0,blue,0,0,blue,0
366,submcc_cir_hbp_ind,0,0,blue,0,0,blue,0
367,submcc_skn_othr_ind,0,0,blue,0,0,blue,0
368,submcc_hdz_myop_ind,0,0,blue,0,0,blue,0
369,submcc_vco_othr_ind,0,0,blue,0,0,blue,0
370,rx_gpi2_76_ind,0,0,blue,0,0,blue,0
371,rx_gpi2_46_ind,0,0,blue,0,0,blue,0
372,submcc_vco_exam_ind,0,0,blue,0,0,blue,0
373,rx_gpi2_39_ind,0,0,blue,0,0,blue,0
374,betos_t1e_ind,0,0,blue,0,0,blue,0
375,submcc_men_schz_ind,0,0,blue,0,0,blue,0
376,submcc_sns_othr_ind,0,0,blue,0,0,blue,0
377,rx_gpi2_03_ind,0,0,blue,0,0,blue,0
378,rx_maint_ind,0,0,blue,0,0,blue,0
379,rx_gpi2_82_ind,0,0,blue,0,0,blue,0
381,submcc_rar_mg_ind,0,0,blue,0,0,blue,0
382,submcc_trm_f/n_ind,0,0,blue,0,0,blue,0
383,submcc_pre_l/d_ind,0,0,blue,0,0,blue,0
384,submcc_pre_care_ind,0,0,blue,0,0,blue,0
385,rx_gpi2_77_ind,0,0,blue,0,0,blue,0
386,submcc_mus_inf_ind,0,0,blue,0,0,blue,0
387,submcc_vco_vac_ind,0,0,blue,0,0,blue,0
389,submcc_rsk_glu_ind,0,0,blue,0,0,blue,0
390,submcc_can_brst_ind,0,0,blue,0,0,blue,0
391,submcc_skn_inf_ind,0,0,blue,0,0,blue,0
392,submcc_bld_anem_ind,0,0,blue,0,0,blue,0
393,betos_o1g_ind,0,0,blue,0,0,blue,0
394,submcc_ano_dig_ind,0,0,blue,0,0,blue,0
395,submcc_mus_atrp_ind,0,0,blue,0,0,blue,0
396,rx_gpi2_37_ind,0,0,blue,0,0,blue,0
398,rx_gpi2_80_ind,0,0,blue,0,0,blue,0
399,submcc_hdz_valv_ind,0,0,blue,0,0,blue,0
400,rx_gpi2_68_ind,0,0,blue,0,0,blue,0
401,submcc_pre_mul_ind,0,0,blue,0,0,blue,0
402,submcc_cad_ptca_ind,0,0,blue,0,0,blue,0
403,submcc_dig_p/b_ind,0,0,blue,0,0,blue,0
404,rx_gpi2_98_ind,0,0,blue,0,0,blue,0
405,rx_gpi2_20_ind,0,0,blue,0,0,blue,0
406,rx_gpi2_07_ind,0,0,blue,0,0,blue,0
409,submcc_inf_othr_ind,0,0,blue,0,0,blue,0
410,submcc_dig_liv_ind,0,0,blue,0,0,blue,0
411,submcc_gus_kub_ind,0,0,blue,0,0,blue,0
412,submcc_brn_acc_ind,0,0,blue,0,0,blue,0
413,submcc_dia_othr_ind,0,0,blue,0,0,blue,0
414,submcc_cer_hem_ind,0,0,blue,0,0,blue,0
415,submcc_ben_othr_ind,0,0,blue,0,0,blue,0
416,submcc_inj_drug_ind,0,0,blue,0,0,blue,0
417,submcc_rsk_fh/ho_ind,0,0,blue,0,0,blue,0
418,betos_y2_ind,0,0,blue,0,0,blue,0
419,rx_gpi2_52_ind,0,0,blue,0,0,blue,0
420,submcc_inf_myco_ind,0,0,blue,0,0,blue,0
421,submcc_rar_par_ind,0,0,blue,0,0,blue,0
422,submcc_rsk_an_ind,0,0,blue,0,0,blue,0
423,submcc_rar_hem_ind,0,0,blue,0,0,blue,0
424,rx_gpi2_48_ind,0,0,blue,0,0,blue,0
425,betos_m1b_ind,0,0,blue,0,0,blue,0
426,rx_gpi2_57_ind,0,0,blue,0,0,blue,0
427,rx_gpi2_09_ind,0,0,blue,0,0,blue,0
428,rx_gpi2_55_ind,0,0,blue,0,0,blue,0
429,submcc_sor_eye_ind,0,0,blue,0,0,blue,0
430,submcc_hiv_kapo_ind,0,0,blue,0,0,blue,0
431,submcc_cad_mi_ind,0,0,blue,0,0,blue,0
432,rx_gpi2_73_ind,0,0,blue,0,0,blue,0
433,rx_gpi2_15_ind,0,0,blue,0,0,blue,0
434,rx_gpi2_70_ind,0,0,blue,0,0,blue,0
435,rx_gpi2_88_ind,0,0,blue,0,0,blue,0
436,submcc_res_alg_ind,0,0,blue,0,0,blue,0
437,submcc_can_lymp_ind,0,0,blue,0,0,blue,0
438,submcc_mus_arth_ind,0,0,blue,0,0,blue,0
439,submcc_rar_scl_ind,0,0,blue,0,0,blue,0
440,rx_gpi2_74_ind,0,0,blue,0,0,blue,0
441,rx_gpi2_89_ind,0,0,blue,0,0,blue,0
442,rx_gpi2_96_ind,0,0,blue,0,0,blue,0
443,submcc_rsk_obe_ind,0,0,blue,0,0,blue,0
444,rx_gpi2_22_ind,0,0,blue,0,0,blue,0
445,submcc_rsk_synx_ind,0,0,blue,0,0,blue,0
446,submcc_rsk_coag_ind,0,0,blue,0,0,blue,0
447,submcc_rsk_othr_ind,0,0,blue,0,0,blue,0
448,submcc_rsk_chol_ind,0,0,blue,0,0,blue,0
472,credit_bal_nonagn1stmorg_bankruptc,0,0,blue,0,0,blue,0
473,credit_bal_nonagn1stmorg_collectio,0,0,blue,0,0,blue,0
482,credit_hh_1stmtgcredit,0,0,blue,0,0,blue,0
519,credit_num_heloc_60dpd,0,0,blue,0,0,blue,0
521,credit_num_mtg_60to89dpd,0,0,blue,0,0,blue,0
524,credit_num_mtg_severederog,0,0,blue,0,0,blue,0
526,credit_num_nonagn1stmorg_60to89dpd,0,0,blue,0,0,blue,0
538,betos_d1c_pmpm_ct,0,0,blue,0,0,blue,0
539,betos_d1d_pmpm_ct,0,0,blue,0,0,blue,0
541,betos_m2c_pmpm_ct,0,0,blue,0,0,blue,0
542,betos_m5b_pmpm_ct,0,0,blue,0,0,blue,0
546,betos_o1b_pmpm_ct,0,0,blue,0,0,blue,0
547,betos_o1e_pmpm_ct,0,0,blue,0,0,blue,0
548,betos_o1g_pmpm_ct,0,0,blue,0,0,blue,0
550,betos_t1b_pmpm_ct,0,0,blue,0,0,blue,0
551,betos_t1e_pmpm_ct,0,0,blue,0,0,blue,0
557,med_ip_acute_admit_ct_pmpm,0,0,blue,0,0,blue,0
558,med_ip_ltach_admit_ct_pmpm,0,0,blue,0,0,blue,0
559,med_ip_maternity_admit_ct_pmpm,0,0,blue,0,0,blue,0
560,med_ip_mhsa_admit_ct_pmpm,0,0,blue,0,0,blue,0
561,med_ip_rehab_admit_ct_pmpm,0,0,blue,0,0,blue,0
562,med_ip_snf_admit_ct_pmpm,0,0,blue,0,0,blue,0
565,med_urgent_care_visit_ct_pmpm,0,0,blue,0,0,blue,0
569,rx_gpi2_01_pmpm_ct,0,0,blue,0,0,blue,0
571,rx_gpi2_03_pmpm_ct,0,0,blue,0,0,blue,0
572,rx_gpi2_04_pmpm_ct,0,0,blue,0,0,blue,0
574,rx_gpi2_07_pmpm_ct,0,0,blue,0,0,blue,0
575,rx_gpi2_08_pmpm_ct,0,0,blue,0,0,blue,0
576,rx_gpi2_09_pmpm_ct,0,0,blue,0,0,blue,0
577,rx_gpi2_11_pmpm_ct,0,0,blue,0,0,blue,0
578,rx_gpi2_12_pmpm_ct,0,0,blue,0,0,blue,0
579,rx_gpi2_13_pmpm_ct,0,0,blue,0,0,blue,0
580,rx_gpi2_14_pmpm_ct,0,0,blue,0,0,blue,0
581,rx_gpi2_15_pmpm_ct,0,0,blue,0,0,blue,0
582,rx_gpi2_16_pmpm_ct,0,0,blue,0,0,blue,0
584,rx_gpi2_18_pmpm_ct,0,0,blue,0,0,blue,0
585,rx_gpi2_19_pmpm_ct,0,0,blue,0,0,blue,0
586,rx_gpi2_20_pmpm_ct,0,0,blue,0,0,blue,0
587,rx_gpi2_21_pmpm_ct,0,0,blue,0,0,blue,0
588,rx_gpi2_22_pmpm_ct,0,0,blue,0,0,blue,0
589,rx_gpi2_23_pmpm_ct,0,0,blue,0,0,blue,0
590,rx_gpi2_24_pmpm_ct,0,0,blue,0,0,blue,0
591,rx_gpi2_25_pmpm_ct,0,0,blue,0,0,blue,0
592,rx_gpi2_26_pmpm_ct,0,0,blue,0,0,blue,0
594,rx_gpi2_28_pmpm_ct,0,0,blue,0,0,blue,0
595,rx_gpi2_29_pmpm_ct,0,0,blue,0,0,blue,0
596,rx_gpi2_30_pmpm_ct,0,0,blue,0,0,blue,0
597,rx_gpi2_31_pmpm_ct,0,0,blue,0,0,blue,0
598,rx_gpi2_32_pmpm_ct,0,0,blue,0,0,blue,0
601,rx_gpi2_35_pmpm_ct,0,0,blue,0,0,blue,0
602,rx_gpi2_36_pmpm_ct,0,0,blue,0,0,blue,0
603,rx_gpi2_37_pmpm_ct,0,0,blue,0,0,blue,0
604,rx_gpi2_38_pmpm_ct,0,0,blue,0,0,blue,0
606,rx_gpi2_40_pmpm_ct,0,0,blue,0,0,blue,0
608,rx_gpi2_42_pmpm_ct,0,0,blue,0,0,blue,0
609,rx_gpi2_43_pmpm_ct,0,0,blue,0,0,blue,0
611,rx_gpi2_45_pmpm_ct,0,0,blue,0,0,blue,0
612,rx_gpi2_46_pmpm_ct,0,0,blue,0,0,blue,0
613,rx_gpi2_47_pmpm_ct,0,0,blue,0,0,blue,0
614,rx_gpi2_48_pmpm_ct,0,0,blue,0,0,blue,0
616,rx_gpi2_50_pmpm_ct,0,0,blue,0,0,blue,0
617,rx_gpi2_51_pmpm_ct,0,0,blue,0,0,blue,0
619,rx_gpi2_53_pmpm_ct,0,0,blue,0,0,blue,0
620,rx_gpi2_54_pmpm_ct,0,0,blue,0,0,blue,0
621,rx_gpi2_55_pmpm_ct,0,0,blue,0,0,blue,0
623,rx_gpi2_57_pmpm_ct,0,0,blue,0,0,blue,0
625,rx_gpi2_59_pmpm_ct,0,0,blue,0,0,blue,0
626,rx_gpi2_60_pmpm_ct,0,0,blue,0,0,blue,0
627,rx_gpi2_61_pmpm_ct,0,0,blue,0,0,blue,0
628,rx_gpi2_62_pmpm_ct,0,0,blue,0,0,blue,0
629,rx_gpi2_64_pmpm_ct,0,0,blue,0,0,blue,0
632,rx_gpi2_67_pmpm_ct,0,0,blue,0,0,blue,0
634,rx_gpi2_69_pmpm_ct,0,0,blue,0,0,blue,0
635,rx_gpi2_70_pmpm_ct,0,0,blue,0,0,blue,0
637,rx_gpi2_73_pmpm_ct,0,0,blue,0,0,blue,0
638,rx_gpi2_74_pmpm_ct,0,0,blue,0,0,blue,0
640,rx_gpi2_76_pmpm_ct,0,0,blue,0,0,blue,0
641,rx_gpi2_77_pmpm_ct,0,0,blue,0,0,blue,0
642,rx_gpi2_78_pmpm_ct,0,0,blue,0,0,blue,0
644,rx_gpi2_80_pmpm_ct,0,0,blue,0,0,blue,0
645,rx_gpi2_81_pmpm_ct,0,0,blue,0,0,blue,0
646,rx_gpi2_82_pmpm_ct,0,0,blue,0,0,blue,0
647,rx_gpi2_83_pmpm_ct,0,0,blue,0,0,blue,0
648,rx_gpi2_84_pmpm_ct,0,0,blue,0,0,blue,0
649,rx_gpi2_85_pmpm_ct,0,0,blue,0,0,blue,0
651,rx_gpi2_87_pmpm_ct,0,0,blue,0,0,blue,0
652,rx_gpi2_88_pmpm_ct,0,0,blue,0,0,blue,0
653,rx_gpi2_89_pmpm_ct,0,0,blue,0,0,blue,0
655,rx_gpi2_92_pmpm_ct,0,0,blue,0,0,blue,0
656,rx_gpi2_93_pmpm_ct,0,0,blue,0,0,blue,0
657,rx_gpi2_94_pmpm_ct,0,0,blue,0,0,blue,0
658,rx_gpi2_95_pmpm_ct,0,0,blue,0,0,blue,0
659,rx_gpi2_96_pmpm_ct,0,0,blue,0,0,blue,0
661,rx_gpi2_98_pmpm_ct,0,0,blue,0,0,blue,0
662,rx_gpi2_99_pmpm_ct,0,0,blue,0,0,blue,0
666,submcc_ano_cns_pmpm_ct,0,0,blue,0,0,blue,0
667,submcc_ano_dig_pmpm_ct,0,0,blue,0,0,blue,0
668,submcc_ano_gu_pmpm_ct,0,0,blue,0,0,blue,0
669,submcc_ano_hrt_pmpm_ct,0,0,blue,0,0,blue,0
670,submcc_ano_mus_pmpm_ct,0,0,blue,0,0,blue,0
671,submcc_ano_othr_pmpm_ct,0,0,blue,0,0,blue,0
672,submcc_ben_lymp_pmpm_ct,0,0,blue,0,0,blue,0
673,submcc_ben_ner_pmpm_ct,0,0,blue,0,0,blue,0
674,submcc_ben_othr_pmpm_ct,0,0,blue,0,0,blue,0
675,submcc_ben_unk_pmpm_ct,0,0,blue,0,0,blue,0
676,submcc_bld_anem_pmpm_ct,0,0,blue,0,0,blue,0
678,submcc_brn_acc_pmpm_ct,0,0,blue,0,0,blue,0
679,submcc_brn_othr_pmpm_ct,0,0,blue,0,0,blue,0
683,submcc_cad_fh/ho_pmpm_ct,0,0,blue,0,0,blue,0
685,submcc_cad_mi_pmpm_ct,0,0,blue,0,0,blue,0
686,submcc_cad_ptca_pmpm_ct,0,0,blue,0,0,blue,0
687,submcc_can_brst_pmpm_ct,0,0,blue,0,0,blue,0
688,submcc_can_dig_pmpm_ct,0,0,blue,0,0,blue,0
689,submcc_can_end_pmpm_ct,0,0,blue,0,0,blue,0
690,submcc_can_gu_pmpm_ct,0,0,blue,0,0,blue,0
691,submcc_can_h/n_pmpm_ct,0,0,blue,0,0,blue,0
693,submcc_can_leuk_pmpm_ct,0,0,blue,0,0,blue,0
694,submcc_can_lymp_pmpm_ct,0,0,blue,0,0,blue,0
695,submcc_can_ner_pmpm_ct,0,0,blue,0,0,blue,0
697,submcc_can_res_pmpm_ct,0,0,blue,0,0,blue,0
698,submcc_can_sec_pmpm_ct,0,0,blue,0,0,blue,0
700,submcc_cer_hem_pmpm_ct,0,0,blue,0,0,blue,0
701,submcc_cer_occ_pmpm_ct,0,0,blue,0,0,blue,0
702,submcc_cer_seq_pmpm_ct,0,0,blue,0,0,blue,0
704,submcc_cir_anur_pmpm_ct,0,0,blue,0,0,blue,0
707,submcc_cir_othr_pmpm_ct,0,0,blue,0,0,blue,0
708,submcc_dia_eye_pmpm_ct,0,0,blue,0,0,blue,0
709,submcc_dia_nep_pmpm_ct,0,0,blue,0,0,blue,0
711,submcc_dia_othr_pmpm_ct,0,0,blue,0,0,blue,0
712,submcc_dia_pvd_pmpm_ct,0,0,blue,0,0,blue,0
713,submcc_dig_lgi_pmpm_ct,0,0,blue,0,0,blue,0
714,submcc_dig_liv_pmpm_ct,0,0,blue,0,0,blue,0
716,submcc_dig_p/b_pmpm_ct,0,0,blue,0,0,blue,0
717,submcc_dig_ugi_pmpm_ct,0,0,blue,0,0,blue,0
718,submcc_end_gld_pmpm_ct,0,0,blue,0,0,blue,0
720,submcc_end_nutr_pmpm_ct,0.00E+00,0,blue,0.00E+00,0,blue,0.00E+00
721,submcc_end_othr_pmpm_ct,0.00E+00,0,blue,0.00E+00,0,blue,0.00E+00
725,submcc_gus_kub_pmpm_ct,0.00E+00,0,blue,0.00E+00,0,blue,0.00E+00
726,submcc_gus_male_pmpm_ct,0.00E+00,0,blue,0.00E+00,0,blue,0.00E+00
727,submcc_gus_othr_pmpm_ct,0.00E+00,0,blue,0.00E+00,0,blue,0.00E+00
729,submcc_hdz_it_i_pmpm_ct,0.00E+00,0,blue,0.00E+00,0,blue,0.00E+00
730,submcc_hdz_it_is_pmpm_ct,0.00E+00,0,blue,0.00E+00,0,blue,0.00E+00
731,submcc_hdz_myop_pmpm_ct,0.00E+00,0,blue,0.00E+00,0,blue,0.00E+00
732,submcc_hdz_othr_pmpm_ct,0.00E+00,0,blue,0.00E+00,0,blue,0.00E+00
733,submcc_hdz_surg_pmpm_ct,0.00E+00,0,blue,0.00E+00,0,blue,0.00E+00
735,submcc_hiv_kapo_pmpm_ct,0.00E+00,0,blue,0.00E+00,0,blue,0.00E+00
736,submcc_hiv_othr_pmpm_ct,0.00E+00,0,blue,0.00E+00,0,blue,0.00E+00
737,submcc_hiv_pcp_pmpm_ct,0.00E+00,0,blue,0.00E+00,0,blue,0.00E+00
738,submcc_inf_cand_pmpm_ct,0.00E+00,0,blue,0.00E+00,0,blue,0.00E+00
739,submcc_inf_men_pmpm_ct,0,0,blue,0,0,blue,0
740,submcc_inf_myco_pmpm_ct,0,0,blue,0,0,blue,0
741,submcc_inf_othr_pmpm_ct,0,0,blue,0,0,blue,0
742,submcc_inf_sep_pmpm_ct,0.00E+00,0,blue,0.00E+00,0,blue,0.00E+00
743,submcc_inj_comp_pmpm_ct,0.00E+00,0,blue,0.00E+00,0,blue,0.00E+00
746,submcc_inj_othr_pmpm_ct,0,0,blue,0,0,blue,0
747,submcc_men_abus_pmpm_ct,0,0,blue,0,0,blue,0
748,submcc_men_alco_pmpm_ct,0,0,blue,0,0,blue,0
752,submcc_mus_arth_pmpm_ct,0,0,blue,0,0,blue,0
753,submcc_mus_atrp_pmpm_ct,0,0,blue,0,0,blue,0
755,submcc_mus_form_pmpm_ct,0,0,blue,0,0,blue,0
756,submcc_mus_inf_pmpm_ct,0,0,blue,0,0,blue,0
758,submcc_mus_oste_pmpm_ct,0,0,blue,0,0,blue,0
759,submcc_mus_othr_pmpm_ct,0,0,blue,0,0,blue,0
761,submcc_neo_fh/ho_pmpm_ct,0,0,blue,0,0,blue,0
762,submcc_ner_deg_pmpm_ct,0,0,blue,0,0,blue,0
763,submcc_ner_epil_pmpm_ct,0,0,blue,0,0,blue,0
764,submcc_ner_infl_pmpm_ct,0,0,blue,0,0,blue,0
767,submcc_pre_care_pmpm_ct,0,0,blue,0,0,blue,0
768,submcc_pre_com_pmpm_ct,0,0,blue,0,0,blue,0
769,submcc_pre_del_pmpm_ct,0,0,blue,0,0,blue,0
770,submcc_pre_ect_pmpm_ct,0,0,blue,0,0,blue,0
771,submcc_pre_l/d_pmpm_ct,0,0,blue,0,0,blue,0
772,submcc_pre_mul_pmpm_ct,0,0,blue,0,0,blue,0
773,submcc_pre_othr_pmpm_ct,0,0,blue,0,0,blue,0
774,submcc_rar_als_pmpm_ct,0,0,blue,0,0,blue,0
775,submcc_rar_cf_pmpm_ct,0,0,blue,0,0,blue,0
776,submcc_rar_cid_pmpm_ct,0,0,blue,0,0,blue,0
777,submcc_rar_drm_pmpm_ct,0,0,blue,0,0,blue,0
778,submcc_rar_hem_pmpm_ct,0,0,blue,0,0,blue,0
779,submcc_rar_lup_pmpm_ct,0,0,blue,0,0,blue,0
780,submcc_rar_mg_pmpm_ct,0,0,blue,0,0,blue,0
781,submcc_rar_ms_pmpm_ct,0,0,blue,0,0,blue,0
782,submcc_rar_othr_pmpm_ct,0,0,blue,0,0,blue,0
783,submcc_rar_par_pmpm_ct,0,0,blue,0,0,blue,0
784,submcc_rar_pol_pmpm_ct,0,0,blue,0,0,blue,0
786,submcc_rar_sca_pmpm_ct,0,0,blue,0,0,blue,0
787,submcc_rar_scl_pmpm_ct,0,0,blue,0,0,blue,0
789,submcc_res_asth_pmpm_ct,0,0,blue,0,0,blue,0
791,submcc_res_fail_pmpm_ct,0,0,blue,0,0,blue,0
793,submcc_res_othr_pmpm_ct,0,0,blue,0,0,blue,0
794,submcc_rsk_an_pmpm_ct,0,0,blue,0,0,blue,0
796,submcc_rsk_coag_pmpm_ct,0,0,blue,0,0,blue,0
797,submcc_rsk_fh/h_pmpm_ct,0,0,blue,0,0,blue,0
798,submcc_rsk_fh/ho_pmpm_ct,0,0,blue,0,0,blue,0
799,submcc_rsk_glu_pmpm_ct,0,0,blue,0,0,blue,0
801,submcc_rsk_othr_pmpm_ct,0,0,blue,0,0,blue,0
802,submcc_rsk_pcos_pmpm_ct,0,0,blue,0,0,blue,0
804,submcc_rsk_synx_pmpm_ct,0,0,blue,0,0,blue,0
805,submcc_skn_inf_pmpm_ct,0,0,blue,0,0,blue,0
807,submcc_sns_abd_pmpm_ct,0,0,blue,0,0,blue,0
808,submcc_sns_chst_pmpm_ct,0,0,blue,0,0,blue,0
809,submcc_sns_coma_pmpm_ct,0,0,blue,0,0,blue,0
811,submcc_sns_dth_pmpm_ct,0,0,blue,0,0,blue,0
813,submcc_sor_ear_pmpm_ct,0,0,blue,0,0,blue,0
815,submcc_trm_brn_pmpm_ct,0,0,blue,0,0,blue,0
816,submcc_trm_f/n_pmpm_ct,0,0,blue,0,0,blue,0
817,submcc_trm_fxu_pmpm_ct,0,0,blue,0,0,blue,0
818,submcc_trm_fxul_pmpm_ct,0,0,blue,0,0,blue,0
819,submcc_trm_hip_pmpm_ct,0,0,blue,0,0,blue,0
820,submcc_trm_prly_pmpm_ct,0,0,blue,0,0,blue,0
821,submcc_trm_skul_pmpm_ct,0,0,blue,0,0,blue,0
822,submcc_trm_spfx_pmpm_ct,0,0,blue,0,0,blue,0
823,submcc_trm_spnj_pmpm_ct,0,0,blue,0,0,blue,0
824,submcc_vco_care_pmpm_ct,0,0,blue,0,0,blue,0
825,submcc_vco_end_pmpm_ct,0,0,blue,0,0,blue,0
827,submcc_vco_othr_pmpm_ct,0,0,blue,0,0,blue,0
831,total_ip_ltach_admit_ct_pmpm,0,0,blue,0,0,blue,0
832,total_ip_maternity_admit_ct_pmpm,0,0,blue,0,0,blue,0
833,total_ip_mhsa_admit_ct_pmpm,0,0,blue,0,0,blue,0
834,total_ip_rehab_admit_ct_pmpm,0,0,blue,0,0,blue,0
836,total_ip_rehab_admit_days_pmpm,0,0,blue,0,0,blue,0
838,med_ip_rehab_admit_days_pmpm,0,0,blue,0,0,blue,0
839,total_ip_mhsa_admit_days_pmpm,0,0,blue,0,0,blue,0
845,pdc_cvd,0,0,blue,0,0,blue,0
846,pdc_ost,0,0,blue,0,0,blue,0
847,pdc_dia,0,0,blue,0,0,blue,0
848,total_ip_acute_admit_days_pmpm,0,0,blue,0,0,blue,0
849,pdc_hf,0,0,blue,0,0,blue,0
851,pdc_lip,0,0,blue,0,0,blue,0